series_name,series_slug_tr,series_slug_en,series_number,product_code,category_main,category_sub,release_date,release_year,release_month_tr,figure_count,manual_rarity,computed_rarity,final_rarity,is_limited_production,is_special_production,summary_tr,summary_en,collector_comment_tr,collector_comment_en,hero_image_url,cover_image_url,is_active,is_published
LEGO® Minifigürler Serisi 1,lego-minifigurler-serisi-1,lego-minifigures-series-1,8683,8683,Koleksiyon Serileri,Klasik,2010-05-01,2010,Mayıs,16,,,,,,,,,,,,TRUE,TRUE
LEGO® Minifigürler Serisi 2,lego-minifigurler-serisi-2,lego-minifigures-series-2,8684,8684,Koleksiyon Serileri,Klasik,2010-09-01,2010,Eylül,16,,,,,,,,,,,,TRUE,TRUE
LEGO® Minifigürler Serisi 3,lego-minifigurler-serisi-3,lego-minifigures-series-3,8803,8803,Koleksiyon Serileri,Klasik,2011-01-01,2011,Ocak,16,,,,,,,,,,,,TRUE,TRUE
LEGO® Minifigürler Serisi 4,lego-minifigurler-serisi-4,lego-minifigures-series-4,8804,8804,Koleksiyon Serileri,Klasik,2011-04-01,2011,Nisan,16,,,,,,,,,,,,TRUE,TRUE
LEGO® Minifigürler Serisi 5,lego-minifigurler-serisi-5,lego-minifigures-series-5,8805,8805,Koleksiyon Serileri,Klasik,2011-09-01,2011,Eylül,16,,,,,,,,,,,,TRUE,TRUE
LEGO® Minifigürler Serisi 6,lego-minifigurler-serisi-6,lego-minifigures-series-6,8827,8827,Koleksiyon Serileri,Klasik,2012-01-01,2012,Ocak,16,,,,,,,,,,,,TRUE,TRUE
LEGO® Minifigürler Serisi 7,lego-minifigurler-serisi-7,lego-minifigures-series-7,8831,8831,Koleksiyon Serileri,Klasik,2012-05-01,2012,Mayıs,16,,,,,,,,,,,,TRUE,TRUE
LEGO® Minifigürler Serisi Team GB,lego-minifigurler-serisi-team-gb,lego-minifigures-series-team-gb,8909,8909,Lisanslı Seriler,Spor / Olimpiyat / Özel Koleksiyon,2012-07-01,2012,Temmuz,9,,,,,,,,,,,,TRUE,TRUE
LEGO® Minifigürler Serisi 8,lego-minifigurler-serisi-8,lego-minifigures-series-8,8833,8833,Koleksiyon Serileri,Klasik,2012-09-01,2012,Eylül,16,,,,,,,,,,,,TRUE,TRUE
LEGO® Minifigürler Serisi 9,lego-minifigurler-serisi-9,lego-minifigures-series-9,71000,71000,Koleksiyon Serileri,Klasik,2013-01-01,2013,Ocak,16,,,,,,,,,,,,TRUE,TRUE
LEGO® Minifigürler Serisi 10,lego-minifigurler-serisi-10,lego-minifigures-series-10,71001,71001,Koleksiyon Serileri,Klasik,2013-05-01,2013,Mayıs,16,,,,,,,,,,,,TRUE,TRUE
LEGO® Minifigürler Serisi 11,lego-minifigurler-serisi-11,lego-minifigures-series-11,71002,71002,Koleksiyon Serileri,Klasik,2013-09-01,2013,Eylül,16,,,,,,,,,,,,TRUE,TRUE
LEGO® Minifigürler Serisi The Lego Movie,lego-minifigurler-serisi-the-lego-movie,lego-minifigures-series-the-lego-movie,71004,71004,Lisanslı Seriler,Film Uyarlaması / Aksiyon – Komedi / LEGO Sinema Evreni,2014-01-01,2014,Ocak,16,,,,,,,,,,,,TRUE,TRUE
LEGO® Minifigürler Serisi The Simpsons,lego-minifigurler-serisi-the-simpsons,lego-minifigures-series-the-simpsons,71005,71005,Lisanslı Seriler,Animasyon / TV Klasikleri / Komedi,2014-05-01,2014,Mayıs,16,,,,,,,,,,,,TRUE,TRUE
LEGO® Minifigürler Serisi 12,lego-minifigurler-serisi-12,lego-minifigures-series-12,71007,71007,Koleksiyon Serileri,Klasik,2014-10-01,2014,Ekim,16,,,,,,,,,,,,TRUE,TRUE
LEGO® Minifigürler Serisi 13,lego-minifigurler-serisi-13,lego-minifigures-series-13,71008,71008,Koleksiyon Serileri,Klasik,2015-01-01,2015,Ocak,16,,,,,,,,,,,,TRUE,TRUE
LEGO® Minifigürler Serisi The Simpsons 2,lego-minifigurler-serisi-the-simpsons-2,lego-minifigures-series-the-simpsons-2,71009,71009,Lisanslı Seriler,Animasyon / TV Klasikleri / Komedi,2015-05-01,2015,Mayıs,16,,,,,,,,,,,,TRUE,TRUE
LEGO® Minifigürler Serisi 14,lego-minifigurler-serisi-14,lego-minifigures-series-14,71010,71010,Koleksiyon Serileri,Monsters (Korku Temalı),2015-09-01,2015,Eylül,16,,,,,,,,,,,,TRUE,TRUE
LEGO® Minifigürler Serisi 15,lego-minifigurler-serisi-15,lego-minifigures-series-15,71011,71011,Koleksiyon Serileri,Klasik,2016-01-01,2016,Ocak,16,,,,,,,,,,,,TRUE,TRUE
LEGO® Minifigürler Serisi DFB,lego-minifigurler-serisi-dfb,lego-minifigures-series-dfb,71014,71014,Lisanslı Seriler,Spor / Futbol / Özel Koleksiyon,2016-05-01,2016,Mayıs,16,,,,,,,,,,,,TRUE,TRUE
LEGO® Minifigürler Serisi Disney,lego-minifigurler-serisi-disney,lego-minifigures-series-disney,71012,71012,Lisanslı Seriler,Animasyon / Disney Klasikleri / Fantastik,2016-05-01,2016,Mayıs,16,,,,,,,,,,,,TRUE,TRUE
LEGO® Minifigürler Serisi 16,lego-minifigurler-serisi-16,lego-minifigures-series-16,71013,71013,Koleksiyon Serileri,Klasik,2016-09-01,2016,Eylül,16,,,,,,,,,,,,TRUE,TRUE
LEGO® Minifigürler Serisi Batman Movie,lego-minifigurler-serisi-batman-movie,lego-minifigures-series-batman-movie,71017,71017,Lisanslı Seriler,Süper Kahraman / DC Comics / Film Uyarlaması,2017-01-01,2017,Ocak,20,,,,,,,,,,,,TRUE,TRUE
LEGO® Minifigürler Serisi 17,lego-minifigurler-serisi-17,lego-minifigures-series-17,71018,71018,Koleksiyon Serileri,Klasik,2017-05-01,2017,Mayıs,16,,,,,,,,,,,,TRUE,TRUE
LEGO® Minifigürler Serisi Ninjago Movie,lego-minifigurler-serisi-ninjago-movie,lego-minifigures-series-ninjago-movie,71019,71019,Lisanslı Seriler,Aksiyon / Dövüş Sanatları / Ninjago Film Temalı,2017-08-01,2017,Ağustos,16,,,,,,,,,,,,TRUE,TRUE
LEGO® Minifigürler Serisi Batman Movie 2,lego-minifigurler-serisi-batman-movie-2,lego-minifigures-series-batman-movie-2,71020,71020,Lisanslı Seriler,Süper Kahraman / Film Uyarlaması / DC Comics,2018-01-01,2018,Ocak,20,,,,,,,,,,,,TRUE,TRUE
LEGO® Minifigürler Serisi 18,lego-minifigurler-serisi-18,lego-minifigures-series-18,71021,71021,Koleksiyon Serileri,Özel / Kutlama Serisi,2018-04-01,2018,Nisan,17,,,,,,,,,,,,TRUE,TRUE
LEGO® Minifigürler Serisi Harry Potter and Fantastic Beasts,lego-minifigurler-serisi-harry-potter-and-fantastic-beasts,lego-minifigures-series-harry-potter-and-fantastic-beasts,71022,71022,Lisanslı Seriler,Fantastik / Film Temalı / Büyücülük Dünyası,2018-08-01,2018,Ağustos,22,,,,,,,,,,,,TRUE,TRUE
LEGO® Minifigürler Serisi Unikitty!,lego-minifigurler-serisi-unikitty,lego-minifigures-series-unikitty,41775,41775,Özel Seriler,Animasyon / Fantastik Evren / Renkli Karakterler,2018-08-01,2018,Ağustos,12,,,,,,,,,,,,TRUE,TRUE
LEGO® Minifigürler Serisi The Lego Movie 2,lego-minifigurler-serisi-the-lego-movie-2,lego-minifigures-series-the-lego-movie-2,71023,71023,Lisanslı Seriler,Film Uyarlaması / Aksiyon – Komedi / LEGO Sinema Evreni,2019-02-01,2019,Şubat,16,,,,,,,,,,,,TRUE,TRUE
LEGO® Minifigürler Serisi Disney 2,lego-minifigurler-serisi-disney-2,lego-minifigures-series-disney-2,71024,71024,Lisanslı Seriler,Animasyon / Disney Klasikleri 2. Seri / Modern + Retro Karakterler,2019-05-01,2019,Mayıs,18,,,,,,,,,,,,TRUE,TRUE
LEGO® Minifigürler Serisi 19,lego-minifigurler-serisi-19,lego-minifigures-series-19,71025,71025,Koleksiyon Serileri,Klasik,2019-09-01,2019,Eylül,16,,,,,,,,,,,,TRUE,TRUE
LEGO® Minifigürler Serisi DC Comics,lego-minifigurler-serisi-dc-comics,lego-minifigures-series-dc-comics,71026,71026,Lisanslı Seriler,Süper Kahraman / DC Evreni / Klasik Karakterler,2020-01-01,2020,Ocak,16,,,,,,,,,,,,TRUE,TRUE
LEGO® Minifigürler Serisi 20,lego-minifigurler-serisi-20,lego-minifigures-series-20,71027,71027,Koleksiyon Serileri,Klasik / 10. Yıl Özel,2020-04-01,2020,Nisan,16,,,,,,,,,,,,TRUE,TRUE
LEGO® Minifigürler Serisi Super Mario Character Packs,lego-minifigurler-serisi-super-mario-character-packs,lego-minifigures-series-super-mario-character-packs,71361,71361,Özel Seriler,Oyun Dünyası / Nintendo Temalı / Super Mario Evreni,2020-08-01,2020,Ağustos,10,,,,,,,,,,,,TRUE,TRUE
LEGO® Minifigürler Serisi Harry Potter 2,lego-minifigurler-serisi-harry-potter-2,lego-minifigures-series-harry-potter-2,71028,71028,Lisanslı Seriler,Fantastik / Büyü Dünyası / Film Temalı Seri,2020-09-01,2020,Eylül,16,,,,,,,,,,,,TRUE,TRUE
LEGO® Minifigürler Serisi 21,lego-minifigurler-serisi-21,lego-minifigures-series-21,71029,71029,Koleksiyon Serileri,Yeni Dönem,2021-01-01,2021,Ocak,12,,,,,,,,,,,,TRUE,TRUE
LEGO® Minifigürler Serisi Super Mario Character Packs 2,lego-minifigurler-serisi-super-mario-character-packs-2,lego-minifigures-series-super-mario-character-packs-2,71386,71386,Özel Seriler,Oyun Dünyası / Nintendo Temalı / Super Mario Evreni,2021-01-01,2021,Ocak,10,,,,,,,,,,,,TRUE,TRUE
LEGO® Minifigürler Serisi VIDIYO Bandmates,lego-minifigurler-serisi-vidiyo-bandmates,lego-minifigures-series-vidiyo-bandmates,43101,43101,Özel Seriler,Müzik / Dijital Sahne / Ritim Koleksiyonu,2021-03-01,2021,Mart,12,,,,,,,,,,,,TRUE,TRUE
LEGO® Minifigürler Serisi Looney Tunes,lego-minifigurler-serisi-looney-tunes,lego-minifigures-series-looney-tunes,71030,71030,Lisanslı Seriler,Animasyon / Klasikler / Looney Tunes Evreni,2021-04-01,2021,Nisan,12,,,,,,,,,,,,TRUE,TRUE
LEGO® Minifigürler Serisi Super Mario Character Packs 3,lego-minifigurler-serisi-super-mario-character-packs-3,lego-minifigures-series-super-mario-character-packs-3,71394,71394,Özel Seriler,Oyun Dünyası / Nintendo Temalı / Super Mario Evreni,2021-08-01,2021,Ağustos,10,,,,,,,,,,,,TRUE,TRUE
LEGO® Minifigürler Serisi Marvel Studios,lego-minifigurler-serisi-marvel-studios,lego-minifigures-series-marvel-studios,71031,71031,Lisanslı Seriler,Süper Kahraman / Film Uyarlaması / Marvel Studios,2021-09-01,2021,Eylül,12,,,,,,,,,,,,TRUE,TRUE
LEGO® Minifigürler Serisi VIDIYO Bandmates 2,lego-minifigurler-serisi-vidiyo-bandmates-2,lego-minifigures-series-vidiyo-bandmates-2,43108,43108,Özel Seriler,Müzik / Dijital Sahne / Yeni Nesil Ritim,2021-10-01,2021,Ekim,12,,,,,,,,,,,,TRUE,TRUE
LEGO® Minifigürler Serisi 22,lego-minifigurler-serisi-22,lego-minifigures-series-22,71032,71032,Koleksiyon Serileri,Modern Dönem,2022-01-01,2022,Ocak,12,,,,,,,,,,,,TRUE,TRUE
LEGO® Minifigürler Serisi Super Mario Character Packs 4,lego-minifigurler-serisi-super-mario-character-packs-4,lego-minifigures-series-super-mario-character-packs-4,71402,71402,Özel Seriler,Oyun Dünyası / Nintendo Temalı / Super Mario Evreni,2022-01-01,2022,Ocak,10,,,,,,,,,,,,TRUE,TRUE
LEGO® Minifigürler Serisi The Muppets,lego-minifigurler-serisi-the-muppets,lego-minifigures-series-the-muppets,71033,71033,Lisanslı Seriler,Animasyon / Kukla Tiyatrosu / Nostaljik TV Klasikleri,2022-05-01,2022,Mayıs,12,,,,,,,,,,,,TRUE,TRUE
LEGO® Minifigürler Serisi Super Mario Character Packs 5,lego-minifigurler-serisi-super-mario-character-packs-5,lego-minifigures-series-super-mario-character-packs-5,71410,71410,Özel Seriler,Oyun Dünyası / Nintendo Temalı / Super Mario Evreni,2022-08-01,2022,Ağustos,8,,,,,,,,,,,,TRUE,TRUE
LEGO® Minifigürler Serisi 23,lego-minifigurler-serisi-23,lego-minifigures-series-23,71034,71034,Koleksiyon Serileri,Kutlama / Kostüm Ağırlıklı,2022-09-01,2022,Eylül,12,,,,,,,,,,,,TRUE,TRUE
LEGO® Minifigürler Serisi 24,lego-minifigurler-serisi-24,lego-minifigures-series-24,71037,71037,Koleksiyon Serileri,Tematik / Klasik Harman,2023-01-01,2023,Ocak,12,,,,,,,,,,,,TRUE,TRUE
LEGO® Minifigürler Serisi Super Mario Character Packs 6,lego-minifigurler-serisi-super-mario-character-packs-6,lego-minifigures-series-super-mario-character-packs-6,71413,71413,Özel Seriler,Oyun Dünyası / Nintendo Temalı / Super Mario Evreni,2023-01-01,2023,Ocak,8,,,,,,,,,,,,TRUE,TRUE
LEGO® Minifigürler Serisi Disney 100,lego-minifigurler-serisi-disney-100,lego-minifigures-series-disney-100,71038,71038,Lisanslı Seriler,Disney 100. Yıl / Klasikler / Efsaneler Buluşması,2023-05-01,2023,Mayıs,12,,,,,,,,,,,,TRUE,TRUE
LEGO® Minifigürler Serisi Marvel Studios 2,lego-minifigurler-serisi-marvel-studios-2,lego-minifigures-series-marvel-studios-2,71039,71039,Lisanslı Seriler,Süper Kahraman / Film Uyarlaması / Marvel Studios 2. Seri,2023-09-01,2023,Eylül,12,,,,,,,,,,,,TRUE,TRUE
LEGO® Minifigürler Serisi 25,lego-minifigurler-serisi-25,lego-minifigures-series-25,71045,71045,Koleksiyon Serileri,Özel / Kutlama Serisi,2024-01-01,2024,Ocak,12,,,,,,,,,,,,TRUE,TRUE
LEGO® Minifigürler Serisi 26,lego-minifigurler-serisi-26,lego-minifigures-series-26,71046,71046,Koleksiyon Serileri,Uzay Serisi / Bilimkurgu,2024-05-01,2024,Mayıs,12,,,,,,,,,,,,TRUE,TRUE
LEGO® Minifigürler Serisi Dungeons and Dragons,lego-minifigurler-serisi-dungeons-and-dragons,lego-minifigures-series-dungeons-and-dragons,71047,71047,Lisanslı Seriler,Fantastik / Rol Yapma Oyunu / Kahramanlık Efsaneleri,2024-09-01,2024,Eylül,12,,,,,,,,,,,,TRUE,TRUE
LEGO® Minifigürler Serisi 27,lego-minifigurler-serisi-27,lego-minifigures-series-27,71048,71048,Koleksiyon Serileri,Fantastik / Rol Yapma Serisi,2025-01-01,2025,Ocak,12,,,,,,,,,,,,TRUE,TRUE
LEGO® Minifigürler Serisi F1 Race Cars,lego-minifigurler-serisi-f1-race-cars,lego-minifigures-series-f1-race-cars,71049,71049,Lisanslı Seriler,Spor / Yarış / Formula 1 Temalı Seri,2025-05-01,2025,Mayıs,12,,,,,,,,,,,,TRUE,TRUE
LEGO® Minifigürler Serisi Spider Man Across the Spider Verse,lego-minifigurler-serisi-spider-man-across-the-spider-verse,lego-minifigures-series-spider-man-across-the-spider-verse,71050,71050,Lisanslı Seriler,Süper Kahraman / Film Uyarlaması / Spider-Verse Temalı Seri,2025-09-01,2025,Eylül,12,,,,,,,,,,,,TRUE,TRUE
LEGO® Minifigürler Serisi 28,lego-minifigurler-serisi-28,lego-minifigures-series-28,71051,71051,Koleksiyon Serileri,,2026-01-01,2026,Ocak,12,,,,,,,,,,,,TRUE,TRUE
